{
  "PostRequest" : {
    "transaction" : "PostRequest",
    "sampleCount" : 1,
    "errorCount" : 0,
    "errorPct" : 0.0,
    "meanResTime" : 418.0,
    "medianResTime" : 418.0,
    "minResTime" : 418.0,
    "maxResTime" : 418.0,
    "pct1ResTime" : 418.0,
    "pct2ResTime" : 418.0,
    "pct3ResTime" : 418.0,
    "throughput" : 2.3923444976076556,
    "receivedKBytesPerSec" : 2.0956377093301435,
    "sentKBytesPerSec" : 0.6050949461722488
  },
  "PUTRequest" : {
    "transaction" : "PUTRequest",
    "sampleCount" : 1,
    "errorCount" : 0,
    "errorPct" : 0.0,
    "meanResTime" : 419.0,
    "medianResTime" : 419.0,
    "minResTime" : 419.0,
    "maxResTime" : 419.0,
    "pct1ResTime" : 419.0,
    "pct2ResTime" : 419.0,
    "pct3ResTime" : 419.0,
    "throughput" : 2.3866348448687353,
    "receivedKBytesPerSec" : 2.0533450178997614,
    "sentKBytesPerSec" : 0.5523754474940334
  },
  "Total" : {
    "transaction" : "Total",
    "sampleCount" : 3,
    "errorCount" : 0,
    "errorPct" : 0.0,
    "meanResTime" : 462.0,
    "medianResTime" : 419.0,
    "minResTime" : 418.0,
    "maxResTime" : 549.0,
    "pct1ResTime" : 549.0,
    "pct2ResTime" : 549.0,
    "pct3ResTime" : 549.0,
    "throughput" : 2.04778156996587,
    "receivedKBytesPerSec" : 2.471069752559727,
    "sentKBytesPerSec" : 0.4366200938566553
  },
  "GetRequest" : {
    "transaction" : "GetRequest",
    "sampleCount" : 1,
    "errorCount" : 0,
    "errorPct" : 0.0,
    "meanResTime" : 549.0,
    "medianResTime" : 549.0,
    "minResTime" : 549.0,
    "maxResTime" : 549.0,
    "pct1ResTime" : 549.0,
    "pct2ResTime" : 549.0,
    "pct3ResTime" : 549.0,
    "throughput" : 1.8214936247723132,
    "receivedKBytesPerSec" : 3.4313097677595628,
    "sentKBytesPerSec" : 0.2828295765027322
  }
}